{ "frames": {
   "0": {
    "frame": { "x": 1, "y": 1, "w": 22, "h": 15 },
    "rotated": false,
    "trimmed": true,
    "spriteSourceSize": { "x": 2, "y": 1, "w": 20, "h": 13 },
    "sourceSize": { "w": 24, "h": 24 },
    "duration": 100
   }
 },
 "meta": {
  "app": "https://www.aseprite.org/",
  "version": "1.2.30-x64",
  "image": "bullet.png",
  "format": "RGBA8888",
  "size": { "w": 23, "h": 16 },
  "scale": "1",
  "frameTags": [
  ],
  "layers": [
   { "name": "Layer 1", "opacity": 255, "blendMode": "normal" }
  ],
  "slices": [
  ]
 }
}
