{ "frames": {
   "0": {
    "frame": { "x": 1, "y": 1, "w": 19, "h": 34 },
    "rotated": false,
    "trimmed": true,
    "spriteSourceSize": { "x": 9, "y": 0, "w": 17, "h": 32 },
    "sourceSize": { "w": 32, "h": 32 },
    "duration": 100
   },
   "1": {
    "frame": { "x": 1, "y": 1, "w": 19, "h": 34 },
    "rotated": false,
    "trimmed": true,
    "spriteSourceSize": { "x": 9, "y": 0, "w": 17, "h": 32 },
    "sourceSize": { "w": 32, "h": 32 },
    "duration": 100
   },
   "2": {
    "frame": { "x": 1, "y": 1, "w": 19, "h": 34 },
    "rotated": false,
    "trimmed": true,
    "spriteSourceSize": { "x": 9, "y": 0, "w": 17, "h": 32 },
    "sourceSize": { "w": 32, "h": 32 },
    "duration": 100
   },
   "3": {
    "frame": { "x": 1, "y": 36, "w": 19, "h": 33 },
    "rotated": false,
    "trimmed": true,
    "spriteSourceSize": { "x": 9, "y": 1, "w": 17, "h": 31 },
    "sourceSize": { "w": 32, "h": 32 },
    "duration": 100
   },
   "4": {
    "frame": { "x": 1, "y": 36, "w": 19, "h": 33 },
    "rotated": false,
    "trimmed": true,
    "spriteSourceSize": { "x": 9, "y": 1, "w": 17, "h": 31 },
    "sourceSize": { "w": 32, "h": 32 },
    "duration": 100
   },
   "5": {
    "frame": { "x": 1, "y": 70, "w": 19, "h": 31 },
    "rotated": false,
    "trimmed": true,
    "spriteSourceSize": { "x": 9, "y": 3, "w": 17, "h": 29 },
    "sourceSize": { "w": 32, "h": 32 },
    "duration": 100
   },
   "6": {
    "frame": { "x": 1, "y": 70, "w": 19, "h": 31 },
    "rotated": false,
    "trimmed": true,
    "spriteSourceSize": { "x": 9, "y": 3, "w": 17, "h": 29 },
    "sourceSize": { "w": 32, "h": 32 },
    "duration": 100
   },
   "7": {
    "frame": { "x": 1, "y": 36, "w": 19, "h": 33 },
    "rotated": false,
    "trimmed": true,
    "spriteSourceSize": { "x": 9, "y": 1, "w": 17, "h": 31 },
    "sourceSize": { "w": 32, "h": 32 },
    "duration": 100
   },
   "8": {
    "frame": { "x": 1, "y": 1, "w": 19, "h": 34 },
    "rotated": false,
    "trimmed": true,
    "spriteSourceSize": { "x": 9, "y": 0, "w": 17, "h": 32 },
    "sourceSize": { "w": 32, "h": 32 },
    "duration": 100
   },
   "9": {
    "frame": { "x": 21, "y": 1, "w": 19, "h": 34 },
    "rotated": false,
    "trimmed": true,
    "spriteSourceSize": { "x": 9, "y": 0, "w": 17, "h": 32 },
    "sourceSize": { "w": 32, "h": 32 },
    "duration": 100
   },
   "10": {
    "frame": { "x": 21, "y": 1, "w": 19, "h": 34 },
    "rotated": false,
    "trimmed": true,
    "spriteSourceSize": { "x": 9, "y": 0, "w": 17, "h": 32 },
    "sourceSize": { "w": 32, "h": 32 },
    "duration": 100
   },
   "11": {
    "frame": { "x": 21, "y": 36, "w": 19, "h": 33 },
    "rotated": false,
    "trimmed": true,
    "spriteSourceSize": { "x": 9, "y": 1, "w": 17, "h": 31 },
    "sourceSize": { "w": 32, "h": 32 },
    "duration": 100
   },
   "12": {
    "frame": { "x": 21, "y": 36, "w": 19, "h": 33 },
    "rotated": false,
    "trimmed": true,
    "spriteSourceSize": { "x": 9, "y": 1, "w": 17, "h": 31 },
    "sourceSize": { "w": 32, "h": 32 },
    "duration": 100
   },
   "13": {
    "frame": { "x": 41, "y": 36, "w": 19, "h": 33 },
    "rotated": false,
    "trimmed": true,
    "spriteSourceSize": { "x": 9, "y": 1, "w": 17, "h": 31 },
    "sourceSize": { "w": 32, "h": 32 },
    "duration": 100
   },
   "14": {
    "frame": { "x": 41, "y": 36, "w": 19, "h": 33 },
    "rotated": false,
    "trimmed": true,
    "spriteSourceSize": { "x": 9, "y": 1, "w": 17, "h": 31 },
    "sourceSize": { "w": 32, "h": 32 },
    "duration": 100
   },
   "15": {
    "frame": { "x": 21, "y": 70, "w": 19, "h": 31 },
    "rotated": false,
    "trimmed": true,
    "spriteSourceSize": { "x": 9, "y": 3, "w": 17, "h": 29 },
    "sourceSize": { "w": 32, "h": 32 },
    "duration": 100
   },
   "16": {
    "frame": { "x": 21, "y": 70, "w": 19, "h": 31 },
    "rotated": false,
    "trimmed": true,
    "spriteSourceSize": { "x": 9, "y": 3, "w": 17, "h": 29 },
    "sourceSize": { "w": 32, "h": 32 },
    "duration": 100
   },
   "17": {
    "frame": { "x": 41, "y": 70, "w": 19, "h": 31 },
    "rotated": false,
    "trimmed": true,
    "spriteSourceSize": { "x": 9, "y": 3, "w": 17, "h": 29 },
    "sourceSize": { "w": 32, "h": 32 },
    "duration": 100
   },
   "18": {
    "frame": { "x": 41, "y": 70, "w": 19, "h": 31 },
    "rotated": false,
    "trimmed": true,
    "spriteSourceSize": { "x": 9, "y": 3, "w": 17, "h": 29 },
    "sourceSize": { "w": 32, "h": 32 },
    "duration": 100
   },
   "19": {
    "frame": { "x": 21, "y": 36, "w": 19, "h": 33 },
    "rotated": false,
    "trimmed": true,
    "spriteSourceSize": { "x": 9, "y": 1, "w": 17, "h": 31 },
    "sourceSize": { "w": 32, "h": 32 },
    "duration": 100
   },
   "20": {
    "frame": { "x": 21, "y": 36, "w": 19, "h": 33 },
    "rotated": false,
    "trimmed": true,
    "spriteSourceSize": { "x": 9, "y": 1, "w": 17, "h": 31 },
    "sourceSize": { "w": 32, "h": 32 },
    "duration": 100
   },
   "21": {
    "frame": { "x": 21, "y": 1, "w": 19, "h": 34 },
    "rotated": false,
    "trimmed": true,
    "spriteSourceSize": { "x": 9, "y": 0, "w": 17, "h": 32 },
    "sourceSize": { "w": 32, "h": 32 },
    "duration": 100
   },
   "22": {
    "frame": { "x": 21, "y": 1, "w": 19, "h": 34 },
    "rotated": false,
    "trimmed": true,
    "spriteSourceSize": { "x": 9, "y": 0, "w": 17, "h": 32 },
    "sourceSize": { "w": 32, "h": 32 },
    "duration": 100
   },
   "23": {
    "frame": { "x": 41, "y": 1, "w": 19, "h": 34 },
    "rotated": false,
    "trimmed": true,
    "spriteSourceSize": { "x": 9, "y": 0, "w": 17, "h": 32 },
    "sourceSize": { "w": 32, "h": 32 },
    "duration": 100
   },
   "24": {
    "frame": { "x": 41, "y": 1, "w": 19, "h": 34 },
    "rotated": false,
    "trimmed": true,
    "spriteSourceSize": { "x": 9, "y": 0, "w": 17, "h": 32 },
    "sourceSize": { "w": 32, "h": 32 },
    "duration": 100
   }
 },
 "meta": {
  "app": "https://www.aseprite.org/",
  "version": "1.2.32-x64",
  "image": "playerSprite.png",
  "format": "RGBA8888",
  "size": { "w": 60, "h": 101 },
  "scale": "1",
  "frameTags": [
   { "name": "idle", "from": 1, "to": 8, "direction": "forward" },
   { "name": "walk", "from": 9, "to": 24, "direction": "forward" }
  ],
  "layers": [
   { "name": "Layer 1", "opacity": 255, "blendMode": "normal" },
   { "name": "Arms", "opacity": 255, "blendMode": "normal" }
  ],
  "slices": [
  ]
 }
}
