{ "frames": {
   "0": {
    "frame": { "x": 1, "y": 1, "w": 26, "h": 34 },
    "rotated": false,
    "trimmed": false,
    "spriteSourceSize": { "x": 0, "y": 0, "w": 24, "h": 32 },
    "sourceSize": { "w": 24, "h": 32 },
    "duration": 100
   },
   "1": {
    "frame": { "x": 28, "y": 1, "w": 26, "h": 34 },
    "rotated": false,
    "trimmed": false,
    "spriteSourceSize": { "x": 0, "y": 0, "w": 24, "h": 32 },
    "sourceSize": { "w": 24, "h": 32 },
    "duration": 100
   },
   "2": {
    "frame": { "x": 55, "y": 1, "w": 26, "h": 34 },
    "rotated": false,
    "trimmed": false,
    "spriteSourceSize": { "x": 0, "y": 0, "w": 24, "h": 32 },
    "sourceSize": { "w": 24, "h": 32 },
    "duration": 100
   },
   "3": {
    "frame": { "x": 82, "y": 1, "w": 26, "h": 34 },
    "rotated": false,
    "trimmed": false,
    "spriteSourceSize": { "x": 0, "y": 0, "w": 24, "h": 32 },
    "sourceSize": { "w": 24, "h": 32 },
    "duration": 100
   },
   "4": {
    "frame": { "x": 109, "y": 1, "w": 26, "h": 34 },
    "rotated": false,
    "trimmed": false,
    "spriteSourceSize": { "x": 0, "y": 0, "w": 24, "h": 32 },
    "sourceSize": { "w": 24, "h": 32 },
    "duration": 100
   },
   "5": {
    "frame": { "x": 136, "y": 1, "w": 26, "h": 34 },
    "rotated": false,
    "trimmed": false,
    "spriteSourceSize": { "x": 0, "y": 0, "w": 24, "h": 32 },
    "sourceSize": { "w": 24, "h": 32 },
    "duration": 100
   },
   "6": {
    "frame": { "x": 163, "y": 1, "w": 26, "h": 34 },
    "rotated": false,
    "trimmed": false,
    "spriteSourceSize": { "x": 0, "y": 0, "w": 24, "h": 32 },
    "sourceSize": { "w": 24, "h": 32 },
    "duration": 100
   },
   "7": {
    "frame": { "x": 1, "y": 36, "w": 26, "h": 34 },
    "rotated": false,
    "trimmed": false,
    "spriteSourceSize": { "x": 0, "y": 0, "w": 24, "h": 32 },
    "sourceSize": { "w": 24, "h": 32 },
    "duration": 100
   },
   "8": {
    "frame": { "x": 28, "y": 36, "w": 26, "h": 34 },
    "rotated": false,
    "trimmed": false,
    "spriteSourceSize": { "x": 0, "y": 0, "w": 24, "h": 32 },
    "sourceSize": { "w": 24, "h": 32 },
    "duration": 100
   },
   "9": {
    "frame": { "x": 1, "y": 1, "w": 26, "h": 34 },
    "rotated": false,
    "trimmed": false,
    "spriteSourceSize": { "x": 0, "y": 0, "w": 24, "h": 32 },
    "sourceSize": { "w": 24, "h": 32 },
    "duration": 100
   },
   "10": {
    "frame": { "x": 55, "y": 36, "w": 26, "h": 34 },
    "rotated": false,
    "trimmed": false,
    "spriteSourceSize": { "x": 0, "y": 0, "w": 24, "h": 32 },
    "sourceSize": { "w": 24, "h": 32 },
    "duration": 100
   },
   "11": {
    "frame": { "x": 82, "y": 36, "w": 26, "h": 34 },
    "rotated": false,
    "trimmed": false,
    "spriteSourceSize": { "x": 0, "y": 0, "w": 24, "h": 32 },
    "sourceSize": { "w": 24, "h": 32 },
    "duration": 100
   },
   "12": {
    "frame": { "x": 109, "y": 36, "w": 26, "h": 34 },
    "rotated": false,
    "trimmed": false,
    "spriteSourceSize": { "x": 0, "y": 0, "w": 24, "h": 32 },
    "sourceSize": { "w": 24, "h": 32 },
    "duration": 100
   },
   "13": {
    "frame": { "x": 136, "y": 36, "w": 26, "h": 34 },
    "rotated": false,
    "trimmed": false,
    "spriteSourceSize": { "x": 0, "y": 0, "w": 24, "h": 32 },
    "sourceSize": { "w": 24, "h": 32 },
    "duration": 100
   },
   "14": {
    "frame": { "x": 136, "y": 36, "w": 26, "h": 34 },
    "rotated": false,
    "trimmed": false,
    "spriteSourceSize": { "x": 0, "y": 0, "w": 24, "h": 32 },
    "sourceSize": { "w": 24, "h": 32 },
    "duration": 100
   },
   "15": {
    "frame": { "x": 136, "y": 36, "w": 26, "h": 34 },
    "rotated": false,
    "trimmed": false,
    "spriteSourceSize": { "x": 0, "y": 0, "w": 24, "h": 32 },
    "sourceSize": { "w": 24, "h": 32 },
    "duration": 100
   },
   "16": {
    "frame": { "x": 163, "y": 36, "w": 26, "h": 34 },
    "rotated": false,
    "trimmed": false,
    "spriteSourceSize": { "x": 0, "y": 0, "w": 24, "h": 32 },
    "sourceSize": { "w": 24, "h": 32 },
    "duration": 100
   },
   "17": {
    "frame": { "x": 1, "y": 71, "w": 26, "h": 34 },
    "rotated": false,
    "trimmed": false,
    "spriteSourceSize": { "x": 0, "y": 0, "w": 24, "h": 32 },
    "sourceSize": { "w": 24, "h": 32 },
    "duration": 100
   },
   "18": {
    "frame": { "x": 28, "y": 71, "w": 26, "h": 34 },
    "rotated": false,
    "trimmed": false,
    "spriteSourceSize": { "x": 0, "y": 0, "w": 24, "h": 32 },
    "sourceSize": { "w": 24, "h": 32 },
    "duration": 100
   },
   "19": {
    "frame": { "x": 55, "y": 71, "w": 26, "h": 34 },
    "rotated": false,
    "trimmed": false,
    "spriteSourceSize": { "x": 0, "y": 0, "w": 24, "h": 32 },
    "sourceSize": { "w": 24, "h": 32 },
    "duration": 100
   },
   "20": {
    "frame": { "x": 82, "y": 71, "w": 26, "h": 34 },
    "rotated": false,
    "trimmed": false,
    "spriteSourceSize": { "x": 0, "y": 0, "w": 24, "h": 32 },
    "sourceSize": { "w": 24, "h": 32 },
    "duration": 100
   },
   "21": {
    "frame": { "x": 109, "y": 71, "w": 26, "h": 34 },
    "rotated": false,
    "trimmed": false,
    "spriteSourceSize": { "x": 0, "y": 0, "w": 24, "h": 32 },
    "sourceSize": { "w": 24, "h": 32 },
    "duration": 100
   },
   "22": {
    "frame": { "x": 136, "y": 71, "w": 26, "h": 34 },
    "rotated": false,
    "trimmed": false,
    "spriteSourceSize": { "x": 0, "y": 0, "w": 24, "h": 32 },
    "sourceSize": { "w": 24, "h": 32 },
    "duration": 100
   },
   "23": {
    "frame": { "x": 163, "y": 71, "w": 26, "h": 34 },
    "rotated": false,
    "trimmed": false,
    "spriteSourceSize": { "x": 0, "y": 0, "w": 24, "h": 32 },
    "sourceSize": { "w": 24, "h": 32 },
    "duration": 100
   },
   "24": {
    "frame": { "x": 1, "y": 106, "w": 26, "h": 34 },
    "rotated": false,
    "trimmed": false,
    "spriteSourceSize": { "x": 0, "y": 0, "w": 24, "h": 32 },
    "sourceSize": { "w": 24, "h": 32 },
    "duration": 100
   },
   "25": {
    "frame": { "x": 28, "y": 106, "w": 26, "h": 34 },
    "rotated": false,
    "trimmed": false,
    "spriteSourceSize": { "x": 0, "y": 0, "w": 24, "h": 32 },
    "sourceSize": { "w": 24, "h": 32 },
    "duration": 100
   },
   "26": {
    "frame": { "x": 55, "y": 106, "w": 26, "h": 34 },
    "rotated": false,
    "trimmed": false,
    "spriteSourceSize": { "x": 0, "y": 0, "w": 24, "h": 32 },
    "sourceSize": { "w": 24, "h": 32 },
    "duration": 100
   },
   "27": {
    "frame": { "x": 82, "y": 106, "w": 26, "h": 34 },
    "rotated": false,
    "trimmed": false,
    "spriteSourceSize": { "x": 0, "y": 0, "w": 24, "h": 32 },
    "sourceSize": { "w": 24, "h": 32 },
    "duration": 100
   },
   "28": {
    "frame": { "x": 109, "y": 106, "w": 26, "h": 34 },
    "rotated": false,
    "trimmed": false,
    "spriteSourceSize": { "x": 0, "y": 0, "w": 24, "h": 32 },
    "sourceSize": { "w": 24, "h": 32 },
    "duration": 100
   },
   "29": {
    "frame": { "x": 136, "y": 106, "w": 26, "h": 34 },
    "rotated": false,
    "trimmed": false,
    "spriteSourceSize": { "x": 0, "y": 0, "w": 24, "h": 32 },
    "sourceSize": { "w": 24, "h": 32 },
    "duration": 100
   },
   "30": {
    "frame": { "x": 163, "y": 106, "w": 26, "h": 34 },
    "rotated": false,
    "trimmed": false,
    "spriteSourceSize": { "x": 0, "y": 0, "w": 24, "h": 32 },
    "sourceSize": { "w": 24, "h": 32 },
    "duration": 100
   },
   "31": {
    "frame": { "x": 1, "y": 141, "w": 26, "h": 34 },
    "rotated": false,
    "trimmed": false,
    "spriteSourceSize": { "x": 0, "y": 0, "w": 24, "h": 32 },
    "sourceSize": { "w": 24, "h": 32 },
    "duration": 100
   },
   "32": {
    "frame": { "x": 28, "y": 106, "w": 26, "h": 34 },
    "rotated": false,
    "trimmed": false,
    "spriteSourceSize": { "x": 0, "y": 0, "w": 24, "h": 32 },
    "sourceSize": { "w": 24, "h": 32 },
    "duration": 100
   },
   "33": {
    "frame": { "x": 28, "y": 141, "w": 26, "h": 34 },
    "rotated": false,
    "trimmed": false,
    "spriteSourceSize": { "x": 0, "y": 0, "w": 24, "h": 32 },
    "sourceSize": { "w": 24, "h": 32 },
    "duration": 100
   },
   "34": {
    "frame": { "x": 55, "y": 141, "w": 26, "h": 34 },
    "rotated": false,
    "trimmed": false,
    "spriteSourceSize": { "x": 0, "y": 0, "w": 24, "h": 32 },
    "sourceSize": { "w": 24, "h": 32 },
    "duration": 100
   },
   "35": {
    "frame": { "x": 82, "y": 141, "w": 26, "h": 34 },
    "rotated": false,
    "trimmed": false,
    "spriteSourceSize": { "x": 0, "y": 0, "w": 24, "h": 32 },
    "sourceSize": { "w": 24, "h": 32 },
    "duration": 100
   },
   "36": {
    "frame": { "x": 109, "y": 141, "w": 26, "h": 34 },
    "rotated": false,
    "trimmed": false,
    "spriteSourceSize": { "x": 0, "y": 0, "w": 24, "h": 32 },
    "sourceSize": { "w": 24, "h": 32 },
    "duration": 100
   },
   "37": {
    "frame": { "x": 136, "y": 141, "w": 26, "h": 34 },
    "rotated": false,
    "trimmed": false,
    "spriteSourceSize": { "x": 0, "y": 0, "w": 24, "h": 32 },
    "sourceSize": { "w": 24, "h": 32 },
    "duration": 100
   },
   "38": {
    "frame": { "x": 163, "y": 141, "w": 26, "h": 34 },
    "rotated": false,
    "trimmed": false,
    "spriteSourceSize": { "x": 0, "y": 0, "w": 24, "h": 32 },
    "sourceSize": { "w": 24, "h": 32 },
    "duration": 100
   },
   "39": {
    "frame": { "x": 1, "y": 176, "w": 26, "h": 34 },
    "rotated": false,
    "trimmed": false,
    "spriteSourceSize": { "x": 0, "y": 0, "w": 24, "h": 32 },
    "sourceSize": { "w": 24, "h": 32 },
    "duration": 100
   },
   "40": {
    "frame": { "x": 28, "y": 176, "w": 26, "h": 34 },
    "rotated": false,
    "trimmed": false,
    "spriteSourceSize": { "x": 0, "y": 0, "w": 24, "h": 32 },
    "sourceSize": { "w": 24, "h": 32 },
    "duration": 100
   },
   "41": {
    "frame": { "x": 55, "y": 176, "w": 26, "h": 34 },
    "rotated": false,
    "trimmed": false,
    "spriteSourceSize": { "x": 0, "y": 0, "w": 24, "h": 32 },
    "sourceSize": { "w": 24, "h": 32 },
    "duration": 100
   },
   "42": {
    "frame": { "x": 82, "y": 176, "w": 26, "h": 34 },
    "rotated": false,
    "trimmed": false,
    "spriteSourceSize": { "x": 0, "y": 0, "w": 24, "h": 32 },
    "sourceSize": { "w": 24, "h": 32 },
    "duration": 100
   },
   "43": {
    "frame": { "x": 109, "y": 176, "w": 26, "h": 34 },
    "rotated": false,
    "trimmed": false,
    "spriteSourceSize": { "x": 0, "y": 0, "w": 24, "h": 32 },
    "sourceSize": { "w": 24, "h": 32 },
    "duration": 100
   },
   "44": {
    "frame": { "x": 136, "y": 176, "w": 26, "h": 34 },
    "rotated": false,
    "trimmed": false,
    "spriteSourceSize": { "x": 0, "y": 0, "w": 24, "h": 32 },
    "sourceSize": { "w": 24, "h": 32 },
    "duration": 100
   },
   "45": {
    "frame": { "x": 163, "y": 176, "w": 26, "h": 34 },
    "rotated": false,
    "trimmed": false,
    "spriteSourceSize": { "x": 0, "y": 0, "w": 24, "h": 32 },
    "sourceSize": { "w": 24, "h": 32 },
    "duration": 100
   },
   "46": {
    "frame": { "x": 1, "y": 211, "w": 26, "h": 34 },
    "rotated": false,
    "trimmed": false,
    "spriteSourceSize": { "x": 0, "y": 0, "w": 24, "h": 32 },
    "sourceSize": { "w": 24, "h": 32 },
    "duration": 100
   },
   "47": {
    "frame": { "x": 28, "y": 211, "w": 26, "h": 34 },
    "rotated": false,
    "trimmed": false,
    "spriteSourceSize": { "x": 0, "y": 0, "w": 24, "h": 32 },
    "sourceSize": { "w": 24, "h": 32 },
    "duration": 100
   },
   "48": {
    "frame": { "x": 55, "y": 211, "w": 26, "h": 34 },
    "rotated": false,
    "trimmed": false,
    "spriteSourceSize": { "x": 0, "y": 0, "w": 24, "h": 32 },
    "sourceSize": { "w": 24, "h": 32 },
    "duration": 100
   },
   "49": {
    "frame": { "x": 1, "y": 1, "w": 26, "h": 34 },
    "rotated": false,
    "trimmed": false,
    "spriteSourceSize": { "x": 0, "y": 0, "w": 24, "h": 32 },
    "sourceSize": { "w": 24, "h": 32 },
    "duration": 100
   }
 },
 "meta": {
  "app": "https://www.aseprite.org/",
  "version": "1.2.32-x64",
  "image": "skeleton.png",
  "format": "RGBA8888",
  "size": { "w": 190, "h": 246 },
  "scale": "1",
  "frameTags": [
   { "name": "idleSkel", "from": 0, "to": 9, "direction": "forward" },
   { "name": "deathSkel", "from": 10, "to": 24, "direction": "forward" },
   { "name": "hurtSkel", "from": 25, "to": 32, "direction": "forward" },
   { "name": "walkSkel", "from": 33, "to": 45, "direction": "forward" },
   { "name": "wakeSkel", "from": 46, "to": 49, "direction": "forward" }
  ],
  "layers": [
   { "name": "legs", "opacity": 255, "blendMode": "normal" },
   { "name": "arms", "opacity": 255, "blendMode": "normal" },
   { "name": "body", "opacity": 255, "blendMode": "normal" },
   { "name": "solo arm", "opacity": 255, "blendMode": "normal" },
   { "name": "head", "opacity": 255, "blendMode": "normal" }
  ],
  "slices": [
  ]
 }
}
