{ "frames": {
   "0": {
    "frame": { "x": 1, "y": 87, "w": 22, "h": 38 },
    "rotated": false,
    "trimmed": true,
    "spriteSourceSize": { "x": 11, "y": 4, "w": 20, "h": 36 },
    "sourceSize": { "w": 42, "h": 42 },
    "duration": 100
   },
   "1": {
    "frame": { "x": 69, "y": 123, "w": 22, "h": 37 },
    "rotated": false,
    "trimmed": true,
    "spriteSourceSize": { "x": 11, "y": 5, "w": 20, "h": 35 },
    "sourceSize": { "w": 42, "h": 42 },
    "duration": 100
   },
   "2": {
    "frame": { "x": 23, "y": 128, "w": 22, "h": 35 },
    "rotated": false,
    "trimmed": true,
    "spriteSourceSize": { "x": 11, "y": 7, "w": 20, "h": 33 },
    "sourceSize": { "w": 42, "h": 42 },
    "duration": 100
   },
   "3": {
    "frame": { "x": 91, "y": 161, "w": 21, "h": 36 },
    "rotated": false,
    "trimmed": true,
    "spriteSourceSize": { "x": 12, "y": 6, "w": 19, "h": 34 },
    "sourceSize": { "w": 42, "h": 42 },
    "duration": 100
   },
   "4": {
    "frame": { "x": 47, "y": 89, "w": 21, "h": 39 },
    "rotated": false,
    "trimmed": true,
    "spriteSourceSize": { "x": 12, "y": 3, "w": 19, "h": 37 },
    "sourceSize": { "w": 42, "h": 42 },
    "duration": 100
   },
   "5": {
    "frame": { "x": 149, "y": 85, "w": 23, "h": 38 },
    "rotated": false,
    "trimmed": true,
    "spriteSourceSize": { "x": 11, "y": 4, "w": 21, "h": 36 },
    "sourceSize": { "w": 42, "h": 42 },
    "duration": 100
   },
   "6": {
    "frame": { "x": 196, "y": 123, "w": 22, "h": 37 },
    "rotated": false,
    "trimmed": true,
    "spriteSourceSize": { "x": 12, "y": 2, "w": 20, "h": 35 },
    "sourceSize": { "w": 42, "h": 42 },
    "duration": 100
   },
   "7": {
    "frame": { "x": 24, "y": 89, "w": 22, "h": 38 },
    "rotated": false,
    "trimmed": true,
    "spriteSourceSize": { "x": 12, "y": 1, "w": 20, "h": 36 },
    "sourceSize": { "w": 42, "h": 42 },
    "duration": 100
   },
   "8": {
    "frame": { "x": 138, "y": 124, "w": 22, "h": 36 },
    "rotated": false,
    "trimmed": true,
    "spriteSourceSize": { "x": 12, "y": 2, "w": 20, "h": 34 },
    "sourceSize": { "w": 42, "h": 42 },
    "duration": 100
   },
   "9": {
    "frame": { "x": 184, "y": 161, "w": 21, "h": 35 },
    "rotated": false,
    "trimmed": true,
    "spriteSourceSize": { "x": 12, "y": 3, "w": 19, "h": 33 },
    "sourceSize": { "w": 42, "h": 42 },
    "duration": 100
   },
   "10": {
    "frame": { "x": 115, "y": 123, "w": 22, "h": 37 },
    "rotated": false,
    "trimmed": true,
    "spriteSourceSize": { "x": 12, "y": 2, "w": 20, "h": 35 },
    "sourceSize": { "w": 42, "h": 42 },
    "duration": 100
   },
   "11": {
    "frame": { "x": 173, "y": 85, "w": 22, "h": 38 },
    "rotated": false,
    "trimmed": true,
    "spriteSourceSize": { "x": 12, "y": 1, "w": 20, "h": 36 },
    "sourceSize": { "w": 42, "h": 42 },
    "duration": 100
   },
   "12": {
    "frame": { "x": 92, "y": 123, "w": 22, "h": 37 },
    "rotated": false,
    "trimmed": true,
    "spriteSourceSize": { "x": 12, "y": 1, "w": 20, "h": 35 },
    "sourceSize": { "w": 42, "h": 42 },
    "duration": 100
   },
   "13": {
    "frame": { "x": 137, "y": 161, "w": 21, "h": 35 },
    "rotated": false,
    "trimmed": true,
    "spriteSourceSize": { "x": 12, "y": 3, "w": 19, "h": 33 },
    "sourceSize": { "w": 42, "h": 42 },
    "duration": 100
   },
   "14": {
    "frame": { "x": 116, "y": 44, "w": 36, "h": 37 },
    "rotated": false,
    "trimmed": true,
    "spriteSourceSize": { "x": 6, "y": 5, "w": 34, "h": 35 },
    "sourceSize": { "w": 42, "h": 42 },
    "duration": 100
   },
   "15": {
    "frame": { "x": 165, "y": 43, "w": 39, "h": 41 },
    "rotated": false,
    "trimmed": true,
    "spriteSourceSize": { "x": 3, "y": 1, "w": 37, "h": 39 },
    "sourceSize": { "w": 42, "h": 42 },
    "duration": 100
   },
   "16": {
    "frame": { "x": 43, "y": 1, "w": 40, "h": 42 },
    "rotated": false,
    "trimmed": true,
    "spriteSourceSize": { "x": 2, "y": 0, "w": 38, "h": 40 },
    "sourceSize": { "w": 42, "h": 42 },
    "duration": 100
   },
   "17": {
    "frame": { "x": 84, "y": 1, "w": 40, "h": 42 },
    "rotated": false,
    "trimmed": true,
    "spriteSourceSize": { "x": 2, "y": 0, "w": 38, "h": 40 },
    "sourceSize": { "w": 42, "h": 42 },
    "duration": 100
   },
   "18": {
    "frame": { "x": 165, "y": 1, "w": 39, "h": 41 },
    "rotated": false,
    "trimmed": true,
    "spriteSourceSize": { "x": 2, "y": 1, "w": 37, "h": 39 },
    "sourceSize": { "w": 42, "h": 42 },
    "duration": 100
   },
   "19": {
    "frame": { "x": 77, "y": 44, "w": 38, "h": 38 },
    "rotated": false,
    "trimmed": true,
    "spriteSourceSize": { "x": 2, "y": 0, "w": 36, "h": 36 },
    "sourceSize": { "w": 42, "h": 42 },
    "duration": 100
   },
   "20": {
    "frame": { "x": 125, "y": 1, "w": 39, "h": 42 },
    "rotated": false,
    "trimmed": true,
    "spriteSourceSize": { "x": 5, "y": 2, "w": 37, "h": 40 },
    "sourceSize": { "w": 42, "h": 42 },
    "duration": 100
   },
   "21": {
    "frame": { "x": 205, "y": 43, "w": 37, "h": 40 },
    "rotated": false,
    "trimmed": true,
    "spriteSourceSize": { "x": 7, "y": 4, "w": 35, "h": 38 },
    "sourceSize": { "w": 42, "h": 42 },
    "duration": 100
   },
   "22": {
    "frame": { "x": 205, "y": 1, "w": 39, "h": 41 },
    "rotated": false,
    "trimmed": true,
    "spriteSourceSize": { "x": 5, "y": 3, "w": 37, "h": 39 },
    "sourceSize": { "w": 42, "h": 42 },
    "duration": 100
   },
   "23": {
    "frame": { "x": 1, "y": 1, "w": 41, "h": 43 },
    "rotated": false,
    "trimmed": true,
    "spriteSourceSize": { "x": 3, "y": 1, "w": 39, "h": 41 },
    "sourceSize": { "w": 42, "h": 42 },
    "duration": 100
   },
   "24": {
    "frame": { "x": 43, "y": 44, "w": 33, "h": 44 },
    "rotated": false,
    "trimmed": true,
    "spriteSourceSize": { "x": 11, "y": 0, "w": 31, "h": 42 },
    "sourceSize": { "w": 42, "h": 42 },
    "duration": 100
   },
   "25": {
    "frame": { "x": 1, "y": 45, "w": 32, "h": 41 },
    "rotated": false,
    "trimmed": true,
    "spriteSourceSize": { "x": 12, "y": 3, "w": 30, "h": 39 },
    "sourceSize": { "w": 42, "h": 42 },
    "duration": 100
   },
   "26": {
    "frame": { "x": 77, "y": 83, "w": 32, "h": 39 },
    "rotated": false,
    "trimmed": true,
    "spriteSourceSize": { "x": 12, "y": 5, "w": 30, "h": 37 },
    "sourceSize": { "w": 42, "h": 42 },
    "duration": 100
   },
   "27": {
    "frame": { "x": 116, "y": 82, "w": 32, "h": 40 },
    "rotated": false,
    "trimmed": true,
    "spriteSourceSize": { "x": 12, "y": 4, "w": 30, "h": 38 },
    "sourceSize": { "w": 42, "h": 42 },
    "duration": 100
   },
   "28": {
    "frame": { "x": 219, "y": 123, "w": 22, "h": 37 },
    "rotated": false,
    "trimmed": true,
    "spriteSourceSize": { "x": 11, "y": 5, "w": 20, "h": 35 },
    "sourceSize": { "w": 42, "h": 42 },
    "duration": 100
   },
   "29": {
    "frame": { "x": 161, "y": 124, "w": 23, "h": 34 },
    "rotated": false,
    "trimmed": true,
    "spriteSourceSize": { "x": 12, "y": 8, "w": 21, "h": 32 },
    "sourceSize": { "w": 42, "h": 42 },
    "duration": 100
   },
   "30": {
    "frame": { "x": 1, "y": 126, "w": 21, "h": 37 },
    "rotated": false,
    "trimmed": true,
    "spriteSourceSize": { "x": 12, "y": 5, "w": 19, "h": 35 },
    "sourceSize": { "w": 42, "h": 42 },
    "duration": 100
   },
   "31": {
    "frame": { "x": 46, "y": 129, "w": 22, "h": 35 },
    "rotated": false,
    "trimmed": true,
    "spriteSourceSize": { "x": 11, "y": 7, "w": 20, "h": 33 },
    "sourceSize": { "w": 42, "h": 42 },
    "duration": 100
   },
   "32": {
    "frame": { "x": 69, "y": 161, "w": 21, "h": 36 },
    "rotated": false,
    "trimmed": true,
    "spriteSourceSize": { "x": 12, "y": 6, "w": 19, "h": 34 },
    "sourceSize": { "w": 42, "h": 42 },
    "duration": 100
   },
   "33": {
    "frame": { "x": 205, "y": 84, "w": 23, "h": 38 },
    "rotated": false,
    "trimmed": true,
    "spriteSourceSize": { "x": 11, "y": 4, "w": 21, "h": 36 },
    "sourceSize": { "w": 42, "h": 42 },
    "duration": 100
   },
   "34": {
    "frame": { "x": 161, "y": 159, "w": 22, "h": 35 },
    "rotated": false,
    "trimmed": true,
    "spriteSourceSize": { "x": 12, "y": 5, "w": 20, "h": 33 },
    "sourceSize": { "w": 42, "h": 42 },
    "duration": 100
   },
   "35": {
    "frame": { "x": 206, "y": 161, "w": 21, "h": 30 },
    "rotated": false,
    "trimmed": true,
    "spriteSourceSize": { "x": 12, "y": 10, "w": 19, "h": 28 },
    "sourceSize": { "w": 42, "h": 42 },
    "duration": 100
   },
   "36": {
    "frame": { "x": 113, "y": 161, "w": 23, "h": 32 },
    "rotated": false,
    "trimmed": true,
    "spriteSourceSize": { "x": 13, "y": 10, "w": 21, "h": 30 },
    "sourceSize": { "w": 42, "h": 42 },
    "duration": 100
   },
   "37": {
    "frame": { "x": 1, "y": 164, "w": 21, "h": 25 },
    "rotated": false,
    "trimmed": true,
    "spriteSourceSize": { "x": 13, "y": 17, "w": 19, "h": 23 },
    "sourceSize": { "w": 42, "h": 42 },
    "duration": 100
   },
   "38": {
    "frame": { "x": 23, "y": 164, "w": 21, "h": 20 },
    "rotated": false,
    "trimmed": true,
    "spriteSourceSize": { "x": 13, "y": 22, "w": 19, "h": 18 },
    "sourceSize": { "w": 42, "h": 42 },
    "duration": 100
   },
   "39": {
    "frame": { "x": 45, "y": 165, "w": 22, "h": 19 },
    "rotated": false,
    "trimmed": true,
    "spriteSourceSize": { "x": 12, "y": 23, "w": 20, "h": 17 },
    "sourceSize": { "w": 42, "h": 42 },
    "duration": 100
   },
   "40": {
    "frame": { "x": 23, "y": 185, "w": 22, "h": 18 },
    "rotated": false,
    "trimmed": true,
    "spriteSourceSize": { "x": 12, "y": 24, "w": 20, "h": 16 },
    "sourceSize": { "w": 42, "h": 42 },
    "duration": 100
   },
   "41": {
    "frame": { "x": 23, "y": 185, "w": 22, "h": 18 },
    "rotated": false,
    "trimmed": true,
    "spriteSourceSize": { "x": 12, "y": 24, "w": 20, "h": 16 },
    "sourceSize": { "w": 42, "h": 42 },
    "duration": 100
   },
   "42": {
    "frame": { "x": 23, "y": 185, "w": 22, "h": 18 },
    "rotated": false,
    "trimmed": true,
    "spriteSourceSize": { "x": 12, "y": 24, "w": 20, "h": 16 },
    "sourceSize": { "w": 42, "h": 42 },
    "duration": 100
   }
 },
 "meta": {
  "app": "https://www.aseprite.org/",
  "version": "1.2.32-x64",
  "image": "witch.png",
  "format": "RGBA8888",
  "size": { "w": 244, "h": 203 },
  "scale": "1",
  "frameTags": [
   { "name": "witchidle", "from": 0, "to": 5, "direction": "forward" },
   { "name": "witchrun", "from": 6, "to": 13, "direction": "forward" },
   { "name": "witchloop", "from": 14, "to": 18, "direction": "forward" },
   { "name": "witchattack", "from": 19, "to": 27, "direction": "forward" },
   { "name": "witchhurt", "from": 28, "to": 30, "direction": "forward" },
   { "name": "witchdie", "from": 31, "to": 42, "direction": "forward" }
  ],
  "layers": [
   { "name": "Haire", "opacity": 255, "blendMode": "normal" },
   { "name": "Body", "opacity": 255, "blendMode": "normal" },
   { "name": "Head", "opacity": 255, "blendMode": "normal" },
   { "name": "Magic_effect", "opacity": 255, "blendMode": "normal" }
  ],
  "slices": [
  ]
 }
}
